Название вакансии,название компании,зарплата,опубликовано,ссылка на вакансию
Не найдено,Не найдено,Зарплата не указана,1 неделю назад,Не найдено
Не найдено,Не найдено,40 000 — 55 000 ₽,1 неделю назад,Не найдено
Не найдено,Не найдено,40 000 — 60 000 ₽,1 неделю назад,Не найдено
Не найдено,Не найдено,58 200 ₽,2 недели назад,Не найдено
Не найдено,Не найдено,40 000 — 55 000 ₽,3 недели назад,Не найдено
Не найдено,Не найдено,35 000 — 45 000 ₽,1 неделю назад,Не найдено
Не найдено,Не найдено,88 000 — 95 000 ₽,4 дня назад,Не найдено
Не найдено,Не найдено,50 000 — 80 000 ₽,3 дня назад,Не найдено
Не найдено,Не найдено,от 80 000 ₽,59 минут назад,Не найдено
Не найдено,Не найдено,от 50 000 ₽,3 дня назад,Не найдено
Не найдено,Не найдено,125 000 ₽,3 дня назад,Не найдено
Не найдено,Не найдено,45 000 — 55 000 ₽,2 дня назад,Не найдено
Не найдено,Не найдено,Зарплата не указана,1 день назад,Не найдено
Не найдено,Не найдено,от 115 000 ₽,3 дня назад,Не найдено
Не найдено,Не найдено,32 500 — 45 000 ₽,2 дня назад,Не найдено
Не найдено,Не найдено,60 000 — 100 000 ₽,4 часа назад,Не найдено
Не найдено,Не найдено,до 25 000 ₽,1 день назад,Не найдено
Не найдено,Не найдено,70 000 — 120 000 ₽,1 неделю назад,Не найдено
Не найдено,Не найдено,80 000 — 90 000 ₽,6 дней назад,Не найдено
Не найдено,Не найдено,21 000 — 27 000 ₽,6 дней назад,Не найдено
Не найдено,Не найдено,от 120 000 ₽,2 дня назад,Не найдено
Не найдено,Не найдено,40 000 — 60 000 ₽,9 часов назад,Не найдено
Не найдено,Не найдено,от 20 000 ₽,3 дня назад,Не найдено
Не найдено,Не найдено,25 000 — 50 000 ₽,5 дней назад,Не найдено
Не найдено,Не найдено,50 000 — 70 000 ₽,1 неделю назад,Не найдено
Не найдено,Не найдено,от 50 000 ₽,1 неделю назад,Не найдено
Не найдено,Не найдено,80 000 — 200 000 ₽,3 дня назад,Не найдено
Не найдено,Не найдено,37 000 — 57 000 ₽,4 часа назад,Не найдено
Не найдено,Не найдено,от 120 000 ₽,1 неделю назад,Не найдено
Не найдено,Не найдено,от 40 000 ₽,6 дней назад,Не найдено
Не найдено,Не найдено,60 000 ₽,3 дня назад,Не найдено
Не найдено,Не найдено,Зарплата не указана,1 день назад,Не найдено
Не найдено,Не найдено,от 50 000 ₽,3 дня назад,Не найдено
Не найдено,Не найдено,100 000 — 150 000 ₽,1 неделю назад,Не найдено
Не найдено,Не найдено,Зарплата не указана,1 неделю назад,Не найдено
Не найдено,Не найдено,50 000 — 55 000 ₽,6 дней назад,Не найдено
Не найдено,Не найдено,15 000 — 120 000 ₽,2 недели назад,Не найдено
Не найдено,Не найдено,35 000 — 60 000 ₽,6 дней назад,Не найдено
Не найдено,Не найдено,от 130 000 ₽,2 часа назад,Не найдено
Не найдено,Не найдено,65 000 — 120 000 ₽,1 день назад,Не найдено
Не найдено,Не найдено,30 000 ₽,1 день назад,Не найдено
Не найдено,Не найдено,от 60 000 ₽,1 неделю назад,Не найдено
Не найдено,Не найдено,от 40 000 ₽,3 дня назад,Не найдено
Не найдено,Не найдено,от 50 000 ₽,1 день назад,Не найдено
Не найдено,Не найдено,30 000 — 90 000 ₽,1 неделю назад,Не найдено
Не найдено,Не найдено,30 000 — 50 000 ₽,2 дня назад,Не найдено
Не найдено,Не найдено,Зарплата не указана,6 часов назад,Не найдено
Не найдено,Не найдено,10 000 — 50 000 ₽,1 неделю назад,Не найдено
Не найдено,Не найдено,50 000 — 70 000 ₽,1 неделю назад,Не найдено
Не найдено,Не найдено,от 50 000 ₽,3 дня назад,Не найдено
Не найдено,Не найдено,40 000 — 80 000 ₽,25 апреля 18:26,Не найдено
Не найдено,Не найдено,30 000 — 60 000 ₽,2 недели назад,Не найдено
Не найдено,Не найдено,от 40 000 ₽,3 дня назад,Не найдено
Не найдено,Не найдено,32 000 — 45 000 ₽,1 неделю назад,Не найдено
Не найдено,Не найдено,25 000 — 55 000 ₽,2 недели назад,Не найдено
